{
  "map_stem": "run_20260318_150947",
  "resolution": 0.05000000074505806,
  "origin": [
    -10.050000190734863,
    -10.949999809265137,
    0.0
  ],
  "zones": []
}