{
  "map_stem": "run_20260318_150906",
  "resolution": 0.05000000074505806,
  "origin": [
    -10.050000190734863,
    -10.949999809265137,
    0.0
  ],
  "zones": [],
  "start_pose": {
    "pixel": [
      193,
      99
    ],
    "world": [
      -0.4,
      0.45
    ]
  }
}